<?xml version="1.0" encoding="UTF-8"?>
<GenRun Id="synth_1" LaunchPart="xc7a35tcpg236-1" LaunchTime="1636997139">
  <File Type="PA-TCL" Name="ARM.tcl"/>
  <File Type="REPORTS-TCL" Name="ARM_reports.tcl"/>
  <File Type="RDS-RDS" Name="ARM.vds"/>
  <File Type="RDS-DCP" Name="ARM.dcp"/>
  <FileSet Name="sources" Type="DesignSrcs" RelSrcDir="$PSRCDIR/sources_1" RelGenDir="$PGENDIR/sources_1">
    <Filter Type="Srcs"/>
    <File Path="$PSRCDIR/sources_1/imports/FirstMilestone/ALU.vhd">
      <FileInfo>
        <Attr Name="ImportPath" Val="G:/Shared drives/EECE 351 Labs/Project/FirstMilestone/ALU.vhd"/>
        <Attr Name="ImportTime" Val="1637000369"/>
        <Attr Name="UsedIn" Val="synthesis"/>
        <Attr Name="UsedIn" Val="simulation"/>
      </FileInfo>
    </File>
    <File Path="$PSRCDIR/sources_1/imports/FirstMilestone/ARM_SC/ARM_SC_Cond_Logic.vhd">
      <FileInfo>
        <Attr Name="ImportPath" Val="G:/Shared drives/EECE 351 Labs/Project/FirstMilestone/ARM_SC/ARM_SC_Cond_Logic.vhd"/>
        <Attr Name="ImportTime" Val="1636226542"/>
        <Attr Name="UsedIn" Val="synthesis"/>
        <Attr Name="UsedIn" Val="simulation"/>
      </FileInfo>
    </File>
    <File Path="$PSRCDIR/sources_1/imports/FirstMilestone/ARM_SC/ARM_SC_Controller.vhd">
      <FileInfo>
        <Attr Name="ImportPath" Val="G:/Shared drives/EECE 351 Labs/Project/FirstMilestone/ARM_SC/ARM_SC_Controller.vhd"/>
        <Attr Name="ImportTime" Val="1636226522"/>
        <Attr Name="UsedIn" Val="synthesis"/>
        <Attr Name="UsedIn" Val="simulation"/>
      </FileInfo>
    </File>
    <File Path="$PSRCDIR/sources_1/imports/FirstMilestone/ARM_SC/ARM_SC_Data_Memory.vhd">
      <FileInfo>
        <Attr Name="ImportPath" Val="G:/Shared drives/EECE 351 Labs/Project/FirstMilestone/ARM_SC/ARM_SC_Data_Memory.vhd"/>
        <Attr Name="ImportTime" Val="1636226568"/>
        <Attr Name="UsedIn" Val="synthesis"/>
        <Attr Name="UsedIn" Val="simulation"/>
      </FileInfo>
    </File>
    <File Path="$PSRCDIR/sources_1/imports/FirstMilestone/ARM_SC/ARM_SC_Datapath.vhd">
      <FileInfo>
        <Attr Name="ImportPath" Val="G:/Shared drives/EECE 351 Labs/Project/FirstMilestone/ARM_SC/ARM_SC_Datapath.vhd"/>
        <Attr Name="ImportTime" Val="1636226938"/>
        <Attr Name="UsedIn" Val="synthesis"/>
        <Attr Name="UsedIn" Val="simulation"/>
      </FileInfo>
    </File>
    <File Path="$PSRCDIR/sources_1/imports/FirstMilestone/ARM_SC/ARM_SC_Decoder.vhd">
      <FileInfo>
        <Attr Name="ImportPath" Val="G:/Shared drives/EECE 351 Labs/Project/FirstMilestone/ARM_SC/ARM_SC_Decoder.vhd"/>
        <Attr Name="ImportTime" Val="1636226532"/>
        <Attr Name="UsedIn" Val="synthesis"/>
        <Attr Name="UsedIn" Val="simulation"/>
      </FileInfo>
    </File>
    <File Path="$PSRCDIR/sources_1/imports/FirstMilestone/ARM_SC/ARM_SC_Instruction_Memory.vhd">
      <FileInfo>
        <Attr Name="ImportPath" Val="G:/Shared drives/EECE 351 Labs/Project/FirstMilestone/ARM_SC/ARM_SC_Instruction_Memory.vhd"/>
        <Attr Name="ImportTime" Val="1636400991"/>
        <Attr Name="UsedIn" Val="synthesis"/>
        <Attr Name="UsedIn" Val="simulation"/>
      </FileInfo>
    </File>
    <File Path="$PSRCDIR/sources_1/imports/FirstMilestone/ARM_SC/ARM_SC_RegFile.vhd">
      <FileInfo>
        <Attr Name="ImportPath" Val="G:/Shared drives/EECE 351 Labs/Project/FirstMilestone/ARM_SC/ARM_SC_RegFile.vhd"/>
        <Attr Name="ImportTime" Val="1636997836"/>
        <Attr Name="UsedIn" Val="synthesis"/>
        <Attr Name="UsedIn" Val="simulation"/>
      </FileInfo>
    </File>
    <File Path="$PSRCDIR/sources_1/imports/FirstMilestone/ARM_SC/ARM_SC.vhd">
      <FileInfo>
        <Attr Name="ImportPath" Val="G:/Shared drives/EECE 351 Labs/Project/FirstMilestone/ARM_SC/ARM_SC.vhd"/>
        <Attr Name="ImportTime" Val="1636226510"/>
        <Attr Name="UsedIn" Val="synthesis"/>
        <Attr Name="UsedIn" Val="simulation"/>
      </FileInfo>
    </File>
    <Config>
      <Option Name="DesignMode" Val="RTL"/>
      <Option Name="TopModule" Val="ARM"/>
      <Option Name="TopAutoSet" Val="TRUE"/>
    </Config>
  </FileSet>
  <FileSet Name="constrs_in" Type="Constrs" RelSrcDir="$PSRCDIR/constrs_1">
    <Filter Type="Constrs"/>
    <Config>
      <Option Name="ConstrsType" Val="XDC"/>
    </Config>
  </FileSet>
  <FileSet Name="utils" Type="Utils" RelSrcDir="$PSRCDIR/utils_1">
    <Filter Type="Utils"/>
    <Config>
      <Option Name="TopAutoSet" Val="TRUE"/>
    </Config>
  </FileSet>
  <Strategy Version="1" Minor="2">
    <StratHandle Name="Vivado Synthesis Defaults" Flow="Vivado Synthesis 2021"/>
    <Step Id="synth_design"/>
  </Strategy>
</GenRun>
